{"credit":"MadewithBlockbench","textures":{"1":"custom/combat/bird","3":"custom/combat/sword","particle":"custom/combat/bird"},"elements":[{"from":[-14.70958,5.14678,-3.84452],"to":[6.7624,5.14678,13.33306],"rotation":{"angle":-22.5,"axis":"z","origin":[7.99809,9.75591,6.45397]},"faces":{"north":{"uv":[0,0,7.5,0],"texture":"#1"},"east":{"uv":[0,0,6,0],"texture":"#1"},"south":{"uv":[0,0,7.5,0],"texture":"#1"},"west":{"uv":[0,0,6,0],"texture":"#1"},"up":{"uv":[10.75,0,16,4],"texture":"#1"},"down":{"uv":[10.5,4.25,15.5,8.25],"rotation":180,"texture":"#1"}}},{"from":[9.6192,5.16501,-3.84452],"to":[31.09119,5.16501,13.33306],"rotation":{"angle":22.5,"axis":"z","origin":[7.99809,9.75591,6.45397]},"faces":{"north":{"uv":[7.5,0,0,0],"texture":"#1"},"east":{"uv":[6,0,0,0],"texture":"#1"},"south":{"uv":[7.5,0,0,0],"texture":"#1"},"west":{"uv":[6,0,0,0],"texture":"#1"},"up":{"uv":[16,0,10.75,4],"texture":"#1"},"down":{"uv":[15.5,4.25,10.5,8.25],"rotation":180,"texture":"#1"}}},{"from":[-3.25515,10.28911,8.72793],"to":[18.21684,10.28911,17.31672],"rotation":{"angle":45,"axis":"x","origin":[7.99809,9.75591,6.45397]},"faces":{"north":{"uv":[0,0,7.5,0],"texture":"#1"},"east":{"uv":[0,0,3,0],"texture":"#1"},"south":{"uv":[0,0,7.5,0],"texture":"#1"},"west":{"uv":[0,0,3,0],"texture":"#1"},"up":{"uv":[13,9.25,16,10.25],"texture":"#1"},"down":{"uv":[9.75,12.5,12.75,13.5],"texture":"#1"}}},{"from":[-3.25515,6.09132,16.695],"to":[18.21684,6.09132,22.42086],"rotation":{"angle":22.5,"axis":"x","origin":[7.99809,9.75591,6.45397]},"faces":{"north":{"uv":[0,0,7.5,0],"texture":"#1"},"east":{"uv":[0,0,2,0],"texture":"#1"},"south":{"uv":[0,0,7.5,0],"texture":"#1"},"west":{"uv":[0,0,2,0],"texture":"#1"},"up":{"uv":[13,10.25,16,11.25],"texture":"#1"},"down":{"uv":[9.75,11.5,12.75,12.5],"texture":"#1"}}},{"from":[-3.25515,-6.39685,9.18123],"to":[18.21684,-6.39685,17.77003],"rotation":{"angle":-45,"axis":"x","origin":[7.99809,9.75591,6.45397]},"faces":{"north":{"uv":[7.5,0,15,0],"texture":"#1"},"east":{"uv":[3,0,6,0],"texture":"#1"},"south":{"uv":[7.5,0,15,0],"texture":"#1"},"west":{"uv":[3,0,6,0],"texture":"#1"},"up":{"uv":[13,11.25,16,12.25],"texture":"#1"},"down":{"uv":[9.75,10.5,12.75,11.5],"texture":"#1"}}},{"from":[-3.25515,-6.39685,17.77002],"to":[18.21684,-6.39685,26.35882],"rotation":{"angle":-45,"axis":"x","origin":[7.99809,9.75591,6.45397]},"faces":{"north":{"uv":[7.5,0,15,0],"texture":"#1"},"east":{"uv":[3,0,6,0],"texture":"#1"},"south":{"uv":[7.5,0,15,0],"texture":"#1"},"west":{"uv":[3,0,6,0],"texture":"#1"},"up":{"uv":[13,12.25,16,13.25],"texture":"#1"},"down":{"uv":[9.75,9.5,12.75,10.5],"texture":"#1"}}},{"from":[2.78564,22.39902,1.59038],"to":[13.09219,22.39902,5.713],"rotation":{"angle":-22.5,"axis":"x","origin":[7.99809,9.75591,6.45397]},"faces":{"north":{"uv":[0,0,7.5,0],"texture":"#1"},"east":{"uv":[0,0,3,0],"texture":"#1"},"south":{"uv":[0,0,7.5,0],"texture":"#1"},"west":{"uv":[0,0,3,0],"texture":"#1"},"up":{"uv":[13,9.25,16,10.25],"texture":"#1"},"down":{"uv":[9.75,12.5,12.75,13.5],"texture":"#1"}}},{"from":[2.78564,21.72146,10.60823],"to":[13.09219,21.72146,13.35664],"rotation":{"angle":-45,"axis":"x","origin":[7.99809,9.75591,6.45397]},"faces":{"north":{"uv":[0,0,7.5,0],"texture":"#1"},"east":{"uv":[0,0,2,0],"texture":"#1"},"south":{"uv":[0,0,7.5,0],"texture":"#1"},"west":{"uv":[0,0,2,0],"texture":"#1"},"up":{"uv":[13,10.25,16,11.25],"texture":"#1"},"down":{"uv":[9.75,11.5,12.75,12.5],"texture":"#1"}}},{"from":[2.78564,21.72283,13.35664],"to":[13.09219,21.72283,17.47926],"rotation":{"angle":-45,"axis":"x","origin":[7.99809,9.75591,6.45397]},"faces":{"north":{"uv":[7.5,0,15,0],"texture":"#1"},"east":{"uv":[3,0,6,0],"texture":"#1"},"south":{"uv":[7.5,0,15,0],"texture":"#1"},"west":{"uv":[3,0,6,0],"texture":"#1"},"up":{"uv":[13,11.25,16,12.25],"texture":"#1"},"down":{"uv":[9.75,10.5,12.75,11.5],"texture":"#1"}}},{"from":[2.78564,21.72282,17.47925],"to":[13.09219,21.72282,21.60187],"rotation":{"angle":-45,"axis":"x","origin":[7.99809,9.75591,6.45397]},"faces":{"north":{"uv":[7.5,0,15,0],"texture":"#1"},"east":{"uv":[3,0,6,0],"texture":"#1"},"south":{"uv":[7.5,0,15,0],"texture":"#1"},"west":{"uv":[3,0,6,0],"texture":"#1"},"up":{"uv":[13,12.25,16,13.25],"texture":"#1"},"down":{"uv":[9.75,9.5,12.75,10.5],"texture":"#1"}}},{"from":[11.05951,-4.74491,2.42879],"to":[12.49097,1.26724,3.86025],"rotation":{"angle":0,"axis":"y","origin":[7.99809,9.75591,6.45397]},"faces":{"north":{"uv":[3.25,2.75,3.75,3.25],"texture":"#1"},"east":{"uv":[2.75,2.75,3.25,3.5],"texture":"#1"},"south":{"uv":[3,3.25,3.5,4],"texture":"#1"},"west":{"uv":[3.25,3,3.75,3.5],"texture":"#1"},"up":{"uv":[3,2.75,3.5,3.25],"texture":"#1"},"down":{"uv":[2.75,2.75,3.25,3.25],"texture":"#1"}}},{"from":[3.90218,-4.74491,2.42879],"to":[5.33365,1.26724,3.86025],"rotation":{"angle":0,"axis":"y","origin":[7.99809,9.75591,6.45397]},"faces":{"north":{"uv":[3.25,2.75,3.75,3.25],"texture":"#1"},"east":{"uv":[2.75,2.75,3.25,3.5],"texture":"#1"},"south":{"uv":[3,3.25,3.5,4],"texture":"#1"},"west":{"uv":[3.25,3,3.75,3.5],"texture":"#1"},"up":{"uv":[3,2.75,3.5,3.25],"texture":"#1"},"down":{"uv":[2.75,2.75,3.25,3.25],"texture":"#1"}}},{"from":[2.47071,-4.7369,-0.12271],"to":[6.76511,-4.7369,4.88742],"rotation":{"angle":0,"axis":"y","origin":[7.99809,9.75591,6.45397]},"faces":{"north":{"uv":[0,0,1.5,0],"texture":"#1"},"east":{"uv":[0,0,2,0],"texture":"#1"},"south":{"uv":[0,0,1.5,0],"texture":"#1"},"west":{"uv":[0,0,2,0],"texture":"#1"},"up":{"uv":[0,15.25,0.75,16],"texture":"#1"},"down":{"uv":[0,15.25,0.75,16],"rotation":180,"texture":"#1"}}},{"from":[9.62804,-4.7369,-0.12271],"to":[13.92244,-4.7369,4.88742],"rotation":{"angle":0,"axis":"y","origin":[7.99809,9.75591,6.45397]},"faces":{"north":{"uv":[0,0,1.5,0],"texture":"#1"},"east":{"uv":[0,0,2,0],"texture":"#1"},"south":{"uv":[0,0,1.5,0],"texture":"#1"},"west":{"uv":[0,0,2,0],"texture":"#1"},"up":{"uv":[0,15.25,0.75,16],"texture":"#1"},"down":{"uv":[0,15.25,0.75,16],"rotation":180,"texture":"#1"}}},{"from":[19.24385,18.67112,2.87418],"to":[25.24385,24.67112,2.87418],"rotation":{"angle":0,"axis":"y","origin":[7.99809,9.75591,6.45397]},"faces":{"north":{"uv":[0,0,16,16],"texture":"#3"},"east":{"uv":[0,0,8,8],"texture":"#3"},"south":{"uv":[0,0,16,16],"rotation":270,"texture":"#3"},"west":{"uv":[0,0,7,8],"texture":"#3"},"up":{"uv":[8,8,16,16],"texture":"#3"},"down":{"uv":[8,8,16,16],"texture":"#3"}}},{"from":[-7.75615,5.67112,14.87418],"to":[-1.75615,11.67112,14.87418],"rotation":{"angle":0,"axis":"y","origin":[7.99809,9.75591,6.45397]},"faces":{"north":{"uv":[0,0,16,16],"rotation":270,"texture":"#3"},"east":{"uv":[0,0,8,8],"texture":"#3"},"south":{"uv":[0,0,16,16],"texture":"#3"},"west":{"uv":[0,0,7,8],"texture":"#3"},"up":{"uv":[8,8,16,16],"texture":"#3"},"down":{"uv":[8,8,16,16],"texture":"#3"}}},{"from":[-7.75615,14.67112,-6.12582],"to":[-1.75615,20.67112,-6.12582],"rotation":{"angle":0,"axis":"y","origin":[7.99809,9.75591,6.45397]},"faces":{"north":{"uv":[0,0,16,16],"rotation":270,"texture":"#3"},"east":{"uv":[0,0,8,8],"texture":"#3"},"south":{"uv":[0,0,16,16],"texture":"#3"},"west":{"uv":[0,0,7,8],"texture":"#3"},"up":{"uv":[8,8,16,16],"texture":"#3"},"down":{"uv":[8,8,16,16],"texture":"#3"}}},{"from":[5.31933,10.89814,-9.91617],"to":[11.18834,14.4081,-4.69991],"rotation":{"angle":0,"axis":"y","origin":[7.99809,9.75591,6.45397]},"faces":{"north":{"uv":[0,6.25,1.75,7.5],"texture":"#1"},"east":{"uv":[0,5,1.5,6.25],"texture":"#1"},"south":{"uv":[0,0,2.5,1.8],"texture":"#1"},"west":{"uv":[1.5,5,3,6.25],"texture":"#1"},"up":{"uv":[0,7.5,1.75,9],"texture":"#1"},"down":{"uv":[0,9,1.75,10.5],"texture":"#1"}}},{"from":[3.18645,0.21879,0.50579],"to":[13.20671,10.23905,14.82044],"rotation":{"angle":45,"axis":"x","origin":[7.99809,9.75591,6.45397]},"faces":{"north":{"uv":[2.5,11.5,4.75,13.75],"texture":"#1"},"east":{"uv":[4.75,13.75,8,16],"texture":"#1"},"south":{"uv":[2.5,13.75,4.75,16],"texture":"#1"},"west":{"uv":[4.75,11.5,8,13.75],"texture":"#1"},"up":{"uv":[4.75,9.25,8,11.5],"rotation":90,"texture":"#1"},"down":{"uv":[4.75,7,8,9.25],"texture":"#1"}}},{"from":[3.55863,10.42862,-6.70396],"to":[12.94904,19.81904,2.68645],"rotation":{"angle":0,"axis":"y","origin":[7.99809,9.75591,6.45397]},"faces":{"north":{"uv":[0,2.25,2.25,4.5],"texture":"#1"},"east":{"uv":[2.25,0,4.5,2.25],"texture":"#1"},"south":{"uv":[4.5,2.25,6.75,4.5],"texture":"#1"},"west":{"uv":[0,0,2.25,2.25],"texture":"#1"},"up":{"uv":[4.5,0,6.75,2.25],"texture":"#1"},"down":{"uv":[2.25,2.25,4.5,4.5],"texture":"#1"}}}],"display":{"thirdperson_righthand":{"rotation":[90,0,0],"translation":[-4.75,-15.75,12.5],"scale":[1.67,1.67,1.67]},"gui":{"rotation":[18.5,-147,0],"translation":[-0.5,-0.25,0],"scale":[0.4,0.4,0.4]},"head":{"translation":[-2.5,12,6.25],"scale":[2.66,2.66,2.66]}},"groups":[{"name":"wings","origin":[-2,-12.2972,-4.19123],"color":0,"children":[0,1]},{"name":"tail","origin":[-2,-5.26034,32.50102],"color":0,"children":[2,3,4,5,6,7,8,9]},{"name":"legs","origin":[-2,-12.2972,-4.19123],"color":0,"children":[10,11,12,13]},{"name":"spawners","origin":[0.50737,-1.43628,-4.38832],"color":0,"children":[14,15,16]},{"name":"bird","origin":[0.51765,-1.47702,-4.4046],"color":0,"children":[17,18,19]}]}